<?xml version="1.0" encoding="UTF-8"?>
<!DOCTYPE mapper PUBLIC "-//mybatis.org//DTD Mapper 3.0//EN" "http://mybatis.org/dtd/mybatis-3-mapper.dtd">
<mapper namespace="com.second.hand.trading.server.dao.OrderAddressDao">
  <resultMap id="BaseResultMap" type="com.second.hand.trading.server.model.OrderAddressModel">
    <id column="id" jdbcType="BIGINT" property="id" />
    <result column="order_id" jdbcType="BIGINT" property="orderId" />
    <result column="consignee_name" jdbcType="VARCHAR" property="consigneeName" />
    <result column="consignee_phone" jdbcType="VARCHAR" property="consigneePhone" />
    <result column="detail_address" jdbcType="VARCHAR" property="detailAddress" />
  </resultMap>
  <sql id="Base_Column_List">
    id, order_id, consignee_name, consignee_phone, detail_address
  </sql>
  <select id="selectByPrimaryKey" parameterType="java.lang.Long" resultMap="BaseResultMap">
    select 
    <include refid="Base_Column_List" />
    from sh_order_address
    where id = #{id,jdbcType=BIGINT}
  </select>
  <select id="selectByOrderId" parameterType="java.lang.Long" resultMap="BaseResultMap">
    select
    <include refid="Base_Column_List" />
    from sh_order_address
    where order_id = #{orderId,jdbcType=BIGINT}
  </select>
  <delete id="deleteByPrimaryKey" parameterType="java.lang.Long">
    delete from sh_order_address
    where id = #{id,jdbcType=BIGINT}
  </delete>
  <insert id="insert" keyColumn="id" keyProperty="id" parameterType="com.second.hand.trading.server.model.OrderAddressModel" useGeneratedKeys="true">
    insert into sh_order_address (order_id, consignee_name, consignee_phone,
      detail_address)
    values (#{orderId,jdbcType=BIGINT}, #{consigneeName,jdbcType=VARCHAR}, #{consigneePhone,jdbcType=VARCHAR},
      #{detailAddress,jdbcType=VARCHAR})
  </insert>
  <insert id="insertSelective" keyColumn="id" keyProperty="id" parameterType="com.second.hand.trading.server.model.OrderAddressModel" useGeneratedKeys="true">
    insert into sh_order_address
    <trim prefix="(" suffix=")" suffixOverrides=",">
      <if test="orderId != null">
        order_id,
      </if>
      <if test="consigneeName != null">
        consignee_name,
      </if>
      <if test="consigneePhone != null">
        consignee_phone,
      </if>
      <if test="detailAddress != null">
        detail_address,
      </if>
    </trim>
    <trim prefix="values (" suffix=")" suffixOverrides=",">
      <if test="orderId != null">
        #{orderId,jdbcType=BIGINT},
      </if>
      <if test="consigneeName != null">
        #{consigneeName,jdbcType=VARCHAR},
      </if>
      <if test="consigneePhone != null">
        #{consigneePhone,jdbcType=VARCHAR},
      </if>
      <if test="detailAddress != null">
        #{detailAddress,jdbcType=VARCHAR},
      </if>
    </trim>
  </insert>
  <update id="updateByPrimaryKeySelective" parameterType="com.second.hand.trading.server.model.OrderAddressModel">
    update sh_order_address
    <set>
      <if test="orderId != null">
        order_id = #{orderId,jdbcType=BIGINT},
      </if>
      <if test="consigneeName != null">
        consignee_name = #{consigneeName,jdbcType=VARCHAR},
      </if>
      <if test="consigneePhone != null">
        consignee_phone = #{consigneePhone,jdbcType=VARCHAR},
      </if>
      <if test="detailAddress != null">
        detail_address = #{detailAddress,jdbcType=VARCHAR},
      </if>
    </set>
    where id = #{id,jdbcType=BIGINT}
  </update>
  <update id="updateByPrimaryKey" parameterType="com.second.hand.trading.server.model.OrderAddressModel">
    update sh_order_address
    set order_id = #{orderId,jdbcType=BIGINT},
      consignee_name = #{consigneeName,jdbcType=VARCHAR},
      consignee_phone = #{consigneePhone,jdbcType=VARCHAR},
      detail_address = #{detailAddress,jdbcType=VARCHAR}
    where id = #{id,jdbcType=BIGINT}
  </update>
</mapper>