<?xml version="1.0" encoding="UTF-8"?>
<!DOCTYPE mapper PUBLIC "-//mybatis.org//DTD Mapper 3.0//EN" "http://mybatis.org/dtd/mybatis-3-mapper.dtd">
<mapper namespace="com.second.hand.trading.server.dao.UserItemDao">
  <resultMap id="BaseResultMap" type="com.second.hand.trading.server.model.UserItemModel">
    <id column="id" jdbcType="BIGINT" property="id" />
    <result column="create_time" jdbcType="TIMESTAMP" property="createTime" />
    <result column="user_id" jdbcType="BIGINT" property="userId" />
    <result column="idle_id" jdbcType="BIGINT" property="idleId" />
  </resultMap>
  <sql id="Base_Column_List">
    id, create_time, user_id, idle_id
  </sql>

  <select id="getUserIdleNumList" resultType="java.util.HashMap">
    SELECT user_id,idle_id,COUNT(idle_id) as number from sh_user_item group by user_id,idle_id;
  </select>

  <select id="selectByPrimaryKey" parameterType="java.lang.Long" resultMap="BaseResultMap">
    select 
    <include refid="Base_Column_List" />
    from sh_user_item
    where id = #{id,jdbcType=BIGINT}
  </select>

  <select id="getListByUser" parameterType="java.lang.Long" resultMap="BaseResultMap">
    select
    <include refid="Base_Column_List" />
    from sh_user_item
    where user_id = #{userId,jdbcType=BIGINT}
  </select>


  <delete id="deleteByPrimaryKey" parameterType="java.lang.Long">
    delete from sh_user_item
    where id = #{id,jdbcType=BIGINT}
  </delete>

  <insert id="insert" keyColumn="id" keyProperty="id" parameterType="com.second.hand.trading.server.model.UserItemModel" useGeneratedKeys="true">
    insert into sh_user_item (create_time, user_id, idle_id
      )
    values (#{createTime,jdbcType=TIMESTAMP}, #{userId,jdbcType=BIGINT}, #{idleId,jdbcType=BIGINT}
      )
  </insert>

  <insert id="insertSelective" keyColumn="id" keyProperty="id" parameterType="com.second.hand.trading.server.model.UserItemModel" useGeneratedKeys="true">
    insert into sh_user_item
    <trim prefix="(" suffix=")" suffixOverrides=",">
      <if test="createTime != null">
        create_time,
      </if>
      <if test="userId != null">
        user_id,
      </if>
      <if test="idleId != null">
        idle_id,
      </if>
    </trim>
    <trim prefix="values (" suffix=")" suffixOverrides=",">
      <if test="createTime != null">
        #{createTime,jdbcType=TIMESTAMP},
      </if>
      <if test="userId != null">
        #{userId,jdbcType=BIGINT},
      </if>
      <if test="idleId != null">
        #{idleId,jdbcType=BIGINT},
      </if>
    </trim>
  </insert>

  <update id="updateByPrimaryKeySelective" parameterType="com.second.hand.trading.server.model.UserItemModel">
    update sh_user_item
    <set>
      <if test="createTime != null">
        create_time = #{createTime,jdbcType=TIMESTAMP},
      </if>
      <if test="userId != null">
        user_id = #{userId,jdbcType=BIGINT},
      </if>
      <if test="idleId != null">
        idle_id = #{idleId,jdbcType=BIGINT},
      </if>
    </set>
    where id = #{id,jdbcType=BIGINT}
  </update>

  <update id="updateByPrimaryKey" parameterType="com.second.hand.trading.server.model.UserItemModel">
    update sh_user_item
    set create_time = #{createTime,jdbcType=TIMESTAMP},
      user_id = #{userId,jdbcType=BIGINT},
      idle_id = #{idleId,jdbcType=BIGINT}
    where id = #{id,jdbcType=BIGINT}
  </update>
</mapper>