<?xml version="1.0" encoding="UTF-8"?>
<!DOCTYPE mapper PUBLIC "-//mybatis.org//DTD Mapper 3.0//EN" "http://mybatis.org/dtd/mybatis-3-mapper.dtd">

<mapper namespace="com.dao.DianyingxinxiDao">

	<!-- 可根据自己的需求，是否要使用 -->
    <resultMap type="com.entity.DianyingxinxiEntity" id="dianyingxinxiMap">
        <result property="dianyingmingcheng" column="dianyingmingcheng"/>
        <result property="dianyingfengmian" column="dianyingfengmian"/>
        <result property="dianyingfenlei" column="dianyingfenlei"/>
        <result property="daoyan" column="daoyan"/>
        <result property="yanyuan" column="yanyuan"/>
        <result property="faxinggongsi" column="faxinggongsi"/>
        <result property="dianyingjianjie" column="dianyingjianjie"/>
        <result property="dianyingxiangqing" column="dianyingxiangqing"/>
        <result property="yingyuanmingcheng" column="yingyuanmingcheng"/>
        <result property="yingyuandizhi" column="yingyuandizhi"/>
        <result property="clicktime" column="clicktime"/>
        <result property="clicknum" column="clicknum"/>
        <result property="price" column="price"/>
        <result property="number" column="number"/>
        <result property="selected" column="selected"/>
    </resultMap>

	<select id="selectListVO"
		resultType="com.entity.vo.DianyingxinxiVO" >
		SELECT * FROM dianyingxinxi  dianyingxinxi         
        <where> 1=1 ${ew.sqlSegment}</where>
	</select>
	
	<select id="selectVO"
		resultType="com.entity.vo.DianyingxinxiVO" >
		SELECT  dianyingxinxi.* FROM dianyingxinxi  dianyingxinxi 	
 		<where> 1=1 ${ew.sqlSegment}</where>
	</select>

    <select id="selectListView"
		resultType="com.entity.view.DianyingxinxiView" >

		SELECT  dianyingxinxi.* FROM dianyingxinxi  dianyingxinxi 	        
        <where> 1=1 ${ew.sqlSegment}</where>
	</select>
	
	<select id="selectView"
		resultType="com.entity.view.DianyingxinxiView" >
		SELECT * FROM dianyingxinxi  dianyingxinxi <where> 1=1 ${ew.sqlSegment}</where>
	</select>
	

</mapper>
