<?xml version="1.0" encoding="UTF-8"?>
<!DOCTYPE mapper PUBLIC "-//mybatis.org//DTD Mapper 3.0//EN" "http://mybatis.org/dtd/mybatis-3-mapper.dtd">

<mapper namespace="com.dao.YingshizixunDao">

	<!-- 可根据自己的需求，是否要使用 -->
    <resultMap type="com.entity.YingshizixunEntity" id="yingshizixunMap">
        <result property="zixunbiaoti" column="zixunbiaoti"/>
        <result property="zixunfengmian" column="zixunfengmian"/>
        <result property="dianyingmingcheng" column="dianyingmingcheng"/>
        <result property="shangyingriqi" column="shangyingriqi"/>
        <result property="zixunjianjie" column="zixunjianjie"/>
        <result property="zixunneirong" column="zixunneirong"/>
        <result property="faburiqi" column="faburiqi"/>
    </resultMap>

	<select id="selectListVO"
		resultType="com.entity.vo.YingshizixunVO" >
		SELECT * FROM yingshizixun  yingshizixun         
        <where> 1=1 ${ew.sqlSegment}</where>
	</select>
	
	<select id="selectVO"
		resultType="com.entity.vo.YingshizixunVO" >
		SELECT  yingshizixun.* FROM yingshizixun  yingshizixun 	
 		<where> 1=1 ${ew.sqlSegment}</where>
	</select>

    <select id="selectListView"
		resultType="com.entity.view.YingshizixunView" >

		SELECT  yingshizixun.* FROM yingshizixun  yingshizixun 	        
        <where> 1=1 ${ew.sqlSegment}</where>
	</select>
	
	<select id="selectView"
		resultType="com.entity.view.YingshizixunView" >
		SELECT * FROM yingshizixun  yingshizixun <where> 1=1 ${ew.sqlSegment}</where>
	</select>
	

</mapper>
