<?xml version="1.0" encoding="UTF-8"?>
<!DOCTYPE mapper PUBLIC "-//mybatis.org//DTD Mapper 3.0//EN" "http://mybatis.org/dtd/mybatis-3-mapper.dtd">

<mapper namespace="com.dao.YingyuanxinxiDao">

	<!-- 可根据自己的需求，是否要使用 -->
    <resultMap type="com.entity.YingyuanxinxiEntity" id="yingyuanxinxiMap">
        <result property="yingyuanmingcheng" column="yingyuanmingcheng"/>
        <result property="yingyuandizhi" column="yingyuandizhi"/>
    </resultMap>

	<select id="selectListVO"
		resultType="com.entity.vo.YingyuanxinxiVO" >
		SELECT * FROM yingyuanxinxi  yingyuanxinxi         
        <where> 1=1 ${ew.sqlSegment}</where>
	</select>
	
	<select id="selectVO"
		resultType="com.entity.vo.YingyuanxinxiVO" >
		SELECT  yingyuanxinxi.* FROM yingyuanxinxi  yingyuanxinxi 	
 		<where> 1=1 ${ew.sqlSegment}</where>
	</select>

    <select id="selectListView"
		resultType="com.entity.view.YingyuanxinxiView" >

		SELECT  yingyuanxinxi.* FROM yingyuanxinxi  yingyuanxinxi 	        
        <where> 1=1 ${ew.sqlSegment}</where>
	</select>
	
	<select id="selectView"
		resultType="com.entity.view.YingyuanxinxiView" >
		SELECT * FROM yingyuanxinxi  yingyuanxinxi <where> 1=1 ${ew.sqlSegment}</where>
	</select>
	

</mapper>
